tweet_id,text,created_at,lang,source,conversation_id,in_reply_to_user_id,possibly_sensitive,reply_settings,retweet_count,reply_count,like_count,quote_count,bookmark_count,impression_count,hashtags,mentions,urls,annotations,geo_place_id,author_id,author_name,author_username,author_description,author_location,author_created_at,author_verified,author_verified_type,author_protected,author_profile_image_url,author_url,author_followers_count,author_following_count,author_tweet_count,author_listed_count,grupo
1612199082021294084,"Que fique claro que o responsável por acionar o gatilho desse ""detonador"" em Brasília foi o Ministro Flávio Dino com suas falácias e ameaças de perseguição aos conservadores do Brasil.",2023-01-08T21:26:29.000Z,pt,,1612199082021294084,,False,everyone,6250,754,27789,250,40,340302,,,,,,1513246185506721795,Capitão Telhada,capitaotelhada,"Capitão Telhada -
Deputado Estadual Eleito SP -
ROTA, COE, CHOQUE, FORÇA TÁTICA -
Pai, Marido, Cristão e Conservador",,2022-04-10T20:03:16.000Z,True,government,False,https://pbs.twimg.com/profile_images/1981785827681218560/GHnhsLkM_normal.jpg,,24218,53,512,14,gerais
1612179300798828544,"Parágrafo único:
Quem vier aqui passar pano, minimizar ou defender de qualquer forma o que está acontecendo hoje em Brasília será bloqueado imediatamente.",2023-01-08T20:07:52.000Z,pt,,1612179300798828544,,False,everyone,4690,1237,60633,282,68,1586842,,,,,,111447571,Carla Vilhena,carlavilhenaa,"Jornalista, palestrante, apresentadora, media training. Instagram e TikTok @carlavilhenaa E-mail falecomigo@carlavilhena.com.br",,2010-02-04T23:41:57.000Z,False,none,False,https://pbs.twimg.com/profile_images/1957982548857942016/Qbh6uzgw_normal.jpg,https://t.co/ag8n2nkhSl,215413,1788,50840,563,gerais
1612219829846409218,GRAVE 🚨 CNN obtém áudio de Magno Malta convocando atos golpistas em Brasília. https://t.co/u7da8wAwdr,2023-01-08T22:48:55.000Z,pt,,1612219829846409218,,False,everyone,3831,716,23320,580,106,859610,,,https://x.com/GNGeekNation/status/1612219829846409218/photo/1;https://x.com/GNGeekNation/status/1612219829846409218/photo/1,,,884185909368901633,GN,GNGeekNation,"Geek Nation: Notícias em geral sobre o maravilhoso mundinho geek. ✊🏾🏳️‍🌈

📩: gnextended@gmail.com",🔔 Ativem as Notificações ,2017-07-09T23:02:02.000Z,False,none,False,https://pbs.twimg.com/profile_images/1939826691838259200/UQOaZWqf_normal.jpg,,48644,413,39063,152,originais
1612171566967554052,"🇧🇷⚡ — More from National Congress, Brasília. https://t.co/K9apj4L1FL",2023-01-08T19:37:08.000Z,pt,,1612171566967554052,,False,everyone,2545,128,6484,164,38,160642,,,https://x.com/OnePaul87/status/1612171566967554052/video/1,,,47284359,OnePaul,OnePaul87,"🇧🇷🇮🇳🇮🇩🇦🇪 CEO  Indo-Brazilian, Indonesia & Emirates Chamber | 💵 Entrepreneur | Geopolitics, Economy and Politics | 🇧🇷 PT-🇺🇸 EN-🇪🇸 ES","Miami, FL",2009-06-15T07:27:15.000Z,True,blue,False,https://pbs.twimg.com/profile_images/1630708759713423362/ASz_Kvan_normal.jpg,https://t.co/vKhUTGA2yk,70664,1362,20258,61,originais
1612162945265569794,"🚨AGORA: Enquanto bolsonaristas invadem o Congresso Nacional, Planalto e STF, policiais de Brasília tiram foto e conversam com os golpistas.
 https://t.co/QXEXBufdHW",2023-01-08T19:02:53.000Z,pt,,1612162945265569794,,False,everyone,4169,1804,24281,2719,257,3372591,,,https://x.com/Ana_Flor/status/1612160869533732865/video/1,,,953378142198161409,CHOQUEI,choquei,A sua fonte de notícias mais rápida. Tudo sobre os acontecimentos mais recentes do Brasil e do mundo. Contato: assessoriachoquei@gmail.com,,2018-01-16T21:27:16.000Z,True,blue,False,https://pbs.twimg.com/profile_images/1624042710037299200/_wiCdKIW_normal.jpg,,9458644,7330,114054,2502,gerais
1612174102160199684,metade de brasília vai estar desempregada amanhã https://t.co/k092biCnLJ,2023-01-08T19:47:13.000Z,pt,,1612174102160199684,,False,everyone,1453,31,9310,136,237,308581,,,https://x.com/qqrmeme/status/1586767063711817728/video/1,,,1172336270367850497,lula neoliberal,nextlevelbiel,a mão invisível do mercado te apalpando • (he/him) • economista,"Curitiba, Brasil",2019-09-13T02:28:52.000Z,False,none,False,https://pbs.twimg.com/profile_images/2036297197160112129/_5jYNQbh_normal.jpg,https://t.co/k27mIDATFU,14505,2346,123107,36,originais
1612173688711045120,"Um policial é protegido e aplaudido pelos manifestantes em Brasília, durante invasão aos prédios dos três poderes. https://t.co/XYkSMV4Mlo",2023-01-08T19:45:34.000Z,pt,,1612173688711045120,,False,everyone,1152,52,3528,78,35,85813,,,https://x.com/Linabellaazul/status/1612173688711045120/video/1,,,3815963715,ℒ𝒾𝓃𝒶,LinaFerruccio,𝐄𝐔 𝐎𝐃𝐖𝐈𝐎 🦑,,2015-09-29T15:53:13.000Z,True,blue,False,https://pbs.twimg.com/profile_images/1966155308952129536/FRjBCE4e_normal.jpg,,75770,36525,77532,56,originais
1612065935208112128,"Cerca de 300 ônibus chegam a Brasília nesta manhã, governador diz que irá monitorar manifestantes e manterá segurança. https://t.co/pA13qzAMFZ",2023-01-08T12:37:24.000Z,pt,,1612065935208112128,,False,everyone,922,45,3046,33,2,38555,,,https://atrombetanews.com.br/2023/01/08/cerca-de-300-onibus-chegam-a-brasilia-nesta-manha-governador-diz-que-ira-monitorar-manifestantes-e-mantera-seguranca/,,,1214887979740803072,A TROMBETA,ATROMBETA3,"Nosso canal prima pela qualidade e credibilidade. Defendemos a liberdade de expressão, a liberdade religiosa e a  economia  de livre mercado.",,2020-01-08T12:34:37.000Z,False,none,False,https://pbs.twimg.com/profile_images/1626651396081651734/LhNTJFJW_normal.jpg,https://t.co/vjgLuYUBfI,147987,18970,110617,105,originais
1612191807940460545,"E vamos descobrir quem são os financiadores de quem foi a Brasília hoje, e todos eles pagarão com a força da lei.",2023-01-08T20:57:34.000Z,pt,,1612191803901444098,2670726740.0,False,everyone,7736,1874,88311,1128,50,2295536,,,,,,2670726740,Lula,LulaOficial,"Filho da Dona Lindu, marido da @JanjaLula, presidente da República. Trabalhando para reconstruir o Brasil.","Brasília, Brasil",2014-07-22T21:36:50.000Z,True,government,False,https://pbs.twimg.com/profile_images/1630217574100213762/SAMK-BnB_normal.jpg,https://t.co/FWDIwBcWRa,10211221,2835,37920,6198,gerais
1612191803901444098,"Vocês devem ter acompanhado a barbárie em Brasília hoje. Aquelas pessoas que chamamos de fascistas, o que há de mais abominável na política, invadiram a sede do palácio e o Congresso. Achamos que houve falta de segurança.",2023-01-08T20:57:33.000Z,pt,,1612191803901444098,,False,everyone,22958,17646,270996,2005,512,11355567,,,,,,2670726740,Lula,LulaOficial,"Filho da Dona Lindu, marido da @JanjaLula, presidente da República. Trabalhando para reconstruir o Brasil.","Brasília, Brasil",2014-07-22T21:36:50.000Z,True,government,False,https://pbs.twimg.com/profile_images/1630217574100213762/SAMK-BnB_normal.jpg,https://t.co/FWDIwBcWRa,10211221,2835,37920,6198,gerais
1612183259609284616,"O q acontece em Brasilia ñ é movimento de massa, nem espontâneo. É organizado por bandidos, q tem interesses bem objetivos: garimpo ilegal, grilagem, liberação de armas, milícias e outras coisas.Tudo isso abençoado por Bolsonaro. Todos eles desprezam a democracia, as instituições",2023-01-08T20:23:36.000Z,pt,,1612183259609284616,,False,everyone,4245,2422,25784,221,57,657154,,,,,,31139434,Gleisi Hoffmann,gleisi,Ministra-chefe da Secretaria de Relações Institucionais e deputada federal.,Curitiba - Brasil,2009-04-14T14:55:57.000Z,True,blue,False,https://pbs.twimg.com/profile_images/1752466873856282624/OAoAwKYQ_normal.jpg,https://t.co/7lvOknltKs,1217317,875,21836,2381,gerais
1612150489243652096,nossa não tem UMA unidade de bala de borracha em brasilia inteira eh isso?,2023-01-08T18:13:23.000Z,pt,,1612150489243652096,,False,everyone,4883,246,50713,339,99,1397351,,,,,,66661590,bruno,lwnzi,,,2009-08-18T11:55:19.000Z,False,none,False,https://pbs.twimg.com/profile_images/1908180083002494976/4yOIdtOn_normal.jpg,https://t.co/Pj0bFoXFo6,118782,374,54456,1000,gerais
1612233242836361216,"FOI TUDO PLANEJADO! Ajudem a divulgar os infiltrados! Senão nós vamos perder a batalha! São eles em Brasilia e nós nas redes sociais! Ajudem!
RETWITAR MUITO!!!!! https://t.co/KIYLuJuRgI",2023-01-08T23:42:13.000Z,pt,,1612233242836361216,,False,everyone,2315,105,2574,91,22,63712,,,https://x.com/0410Lina/status/1612233242836361216/photo/1,,,1090320300380692480,💚 FENIX 💛,0410Lina,,"São Paulo, Brasil",2019-01-29T18:46:31.000Z,False,none,False,https://pbs.twimg.com/profile_images/1612803997567488001/lzdggL6Q_normal.jpg,,4397,4528,17461,1,originais
1612214393810337792,"Apuramos na @agenciapublica: Bolsonaristas usam código para coordenar invasão em Brasília e divulgaram chamadas livremente nas redes sociais. Na noite de ontem, chamados explodiram 👇

https://t.co/x9J5AKJwCj com a grande colega @lauradscofield",2023-01-08T22:27:19.000Z,pt,,1612214393810337792,,False,everyone,1325,84,4829,82,146,301518,,agenciapublica;lauradscofield,https://agen.pub/invasao,,,90985954,Bruno Fonseca,obrunofonseca,Chefe de Redação na @agenciapublica. Tem sugestão de investigação? Mande um oi para mim! :),"São Paulo, Brasil",2009-11-18T23:30:53.000Z,False,none,False,https://pbs.twimg.com/profile_images/1877791624442368001/ViP9c8Ux_normal.jpg,https://t.co/wdQZElSlNV,6798,2131,5924,87,originais
1612167743322656773,Tem mais gente em Brasília hoje do que no dia da posse do Lula. 😂,2023-01-08T19:21:57.000Z,pt,,1612167743322656773,,False,everyone,1590,211,13936,51,11,228731,,,,,234ce83ff633650d,1216897633769443329,Breno Fonseca 🇧🇷,BrenoFonsecaMG,"🇸🇱 Vereador de Nova Serrana-MG (PL) ⠀⠀⠀⠀⠀⠀ ⠀⠀⠀⠀⠀🇧🇷 Deus, Pátria, Família e Liberdade.","Nova Serrana, Brasil",2020-01-14T01:41:03.000Z,True,blue,False,https://pbs.twimg.com/profile_images/2027760324909154304/4q4CJTkD_normal.jpg,https://t.co/PdbLXjrf2h,29965,3352,8412,16,originais
1612193054038827014,"Lula: “Os policiais que ajudaram os terroristas hoje em Brasília não podem ficar impunes e não podem ficar na corporação, porque não são de confiança. Eles devem ser punidos”.",2023-01-08T21:02:31.000Z,pt,,1612193054038827014,,False,everyone,5966,469,60471,966,153,1685431,,,,,,953378142198161409,CHOQUEI,choquei,A sua fonte de notícias mais rápida. Tudo sobre os acontecimentos mais recentes do Brasil e do mundo. Contato: assessoriachoquei@gmail.com,,2018-01-16T21:27:16.000Z,True,blue,False,https://pbs.twimg.com/profile_images/1624042710037299200/_wiCdKIW_normal.jpg,,9458644,7330,114054,2502,gerais
1612226296867704835,"VAMOS DEIXAR ELES FAMOSOS 08/01/23 Brasília 👀👇🏻

INFILTRADOS ESTAVAM TENTANDO ROUBAR PERTENCES DOS GABINETES E FORAM PRESOS. https://t.co/HVNn2EwURp",2023-01-08T23:14:37.000Z,pt,,1612226296867704835,,False,everyone,1130,66,1777,71,23,53381,,,https://x.com/Jakelyneloiola_/status/1612226296867704835/video/1,,,1114237991797522434,Jakelyne Loiola,Jakelyneloiola_,"🪬 Direita. 🇧🇷🇧🇷 Ptfobica, pavor de esquerdista!",Brasil,2019-04-05T18:46:53.000Z,True,blue,False,https://pbs.twimg.com/profile_images/2032917603962761216/VMNcI0ds_normal.jpg,https://t.co/7esZE5Vhxd,171849,3618,61932,196,originais
1612223971528777731,FOI TUDO PLANEJADO! Ajudem a divulgar os infiltrados! Senão nós vamos perder a batalha! São eles em Brasilia e nós nas redes sociais! Ajudem! https://t.co/mxUsUnUR8k,2023-01-08T23:05:23.000Z,pt,,1612223971528777731,,False,everyone,6187,235,8344,439,131,156605,,,https://x.com/adilsonesp/status/1612223971528777731/video/1;https://x.com/adilsonesp/status/1612223971528777731/video/1;https://x.com/adilsonesp/status/1612223971528777731/video/1;https://x.com/adilsonesp/status/1612223971528777731/video/1,,,159107278,Adilson SP🏳️‍🌈,adilsonesp,"Lembre-se: o tempo cura, a fé renova, e o amor próprio reconstrói.",Brasil,2010-06-24T13:28:20.000Z,True,blue,False,https://pbs.twimg.com/profile_images/2000269358698737666/ei7yIhxX_normal.jpg,https://t.co/5oSxOdkPqA,82132,44574,245409,73,originais
1612052342815293442,O 'TUDO OU NADA' EM BRASÍLIA TEM UM AUTOR ... https://t.co/Wwy1OHqlkJ,2023-01-08T11:43:23.000Z,pt,,1612052342815293442,,False,everyone,1235,192,5549,121,61,456911,,,https://x.com/MariluParreiras/status/1612052342815293442/photo/1,,,541156738,#LulaRousseff,MariluParreiras,"#Lula2026
Cumpra-se a CONSTITUIÇÃO FEDERAL.  
#SemANISTIA!
Exploração fica a 580km da Foz do Amazonas. O PETRÓLEO É NOSSO.",BRASIL/RJ,2012-03-30T21:53:59.000Z,False,none,False,https://pbs.twimg.com/profile_images/1587022811129937921/pWqnvCI9_normal.jpg,,21380,9008,704971,57,originais
1612146256520019968,🚨AGORA: Bolsonaristas agridem policiais em ato golpista em Brasília. Eles invadiram a rampa do Congresso Nacional. https://t.co/OD4r5ECNid,2023-01-08T17:56:34.000Z,pt,,1612146256520019968,,False,everyone,3121,3604,42536,7024,607,6625588,,,https://x.com/Metropoles/status/1612145009247289346/video/1,,,953378142198161409,CHOQUEI,choquei,A sua fonte de notícias mais rápida. Tudo sobre os acontecimentos mais recentes do Brasil e do mundo. Contato: assessoriachoquei@gmail.com,,2018-01-16T21:27:16.000Z,True,blue,False,https://pbs.twimg.com/profile_images/1624042710037299200/_wiCdKIW_normal.jpg,,9458644,7330,114054,2502,originais
1612224029280059393,"Com o objetivo de mapear como foram organizados os atos de vandalismo em Brasília, pedimos a colaboração dos seguidores para montarmos uma base de dados com postagens antidemocráticas feitas nos últimos dias nas redes e app de mensagens. Contribua: https://t.co/BuEJkrbu6v https://t.co/A8bXHK7kI6",2023-01-08T23:05:36.000Z,pt,,1612224029280059393,,False,everyone,2407,464,7516,134,64,822205,,,http://bit.ly/basededadoslupa;https://x.com/agencialupa/status/1612224029280059393/photo/1,,,4060086012,Agência Lupa,agencialupa,"🔎 Educação e jornalismo contra a desinformação
💬 Checagens, verificações, notícias, análises, reportagens e soluções","Rio de Janeiro, Brasil",2015-10-29T18:14:43.000Z,False,none,False,https://pbs.twimg.com/profile_images/1356770968409145344/QEkG5zLV_normal.jpg,https://t.co/iXFaZ4v5Rr,201830,1075,35172,1468,originais
1612158386354651136,🚨LEIA: Monark incentiva atos golpistas que acontece em Brasília e diz que “sente simpatia” pelos bolsonaristas. https://t.co/58aSOAhes0,2023-01-08T18:44:46.000Z,pt,,1612158386354651136,,False,everyone,3130,7368,30720,4274,182,2811364,,,https://x.com/choquei/status/1612158386354651136/photo/1;https://x.com/choquei/status/1612158386354651136/photo/1,,,953378142198161409,CHOQUEI,choquei,A sua fonte de notícias mais rápida. Tudo sobre os acontecimentos mais recentes do Brasil e do mundo. Contato: assessoriachoquei@gmail.com,,2018-01-16T21:27:16.000Z,True,blue,False,https://pbs.twimg.com/profile_images/1624042710037299200/_wiCdKIW_normal.jpg,,9458644,7330,114054,2502,gerais
1612157382129238020,"Governo do DF foi irresponsável frente à invasão de Brasília e do Congresso Nacional. É um crime anunciado contra a democracia, contra a vontade das urnas e por outros interesses. Governador e seu secretário de segurança, bolsonarista, são responsáveis pelo que acontecer",2023-01-08T18:40:46.000Z,pt,,1612157382129238020,,False,everyone,8572,7835,63788,745,81,2133692,,,,,5722ff20ba67083b,31139434,Gleisi Hoffmann,gleisi,Ministra-chefe da Secretaria de Relações Institucionais e deputada federal.,Curitiba - Brasil,2009-04-14T14:55:57.000Z,True,blue,False,https://pbs.twimg.com/profile_images/1752466873856282624/OAoAwKYQ_normal.jpg,https://t.co/7lvOknltKs,1217317,875,21836,2381,gerais
1612167421263237120,"sinceramente?

se eu fosse o Lula assinava um decreto dando poder de polícia para Gaviões da Fiel

30 minutos e não tem mais um golpista em Brasília",2023-01-08T19:20:40.000Z,pt,,1612167421263237120,,False,everyone,3668,114,21794,347,123,603926,,,,,,3374355814,michelonismo,michelonismo,"Ator. Vexilologista. Entusiasta de Peugeot, Lewis Hamilton e Politicagem. Compromisso com a Honestidade.",☪️,2015-07-13T17:23:21.000Z,True,blue,False,https://pbs.twimg.com/profile_images/2041019913465454592/pKE68A9Q_normal.jpg,,10318,2840,39852,25,originais
1612182063754670080,"A demora para conter as manifestações em Brasília tem um motivo, segundo os próprios bolsonaristas, os policiais estão do lado deles.  https://t.co/Do8dvUxm9b",2023-01-08T20:18:51.000Z,pt,,1612182063754670080,,False,everyone,5577,1358,27049,1724,493,1818525,,,https://x.com/DanVitorPH/status/1612180966755405824/video/1,,,1486759002679791622,Anonymous SCT,anonymousSCT,Desde 2003 expondo crimes contra a comunidade e o direito de cada cidadão. Anonymous é sem identidade e com ideologias firmadas.,,2022-01-27T17:52:30.000Z,False,none,False,https://pbs.twimg.com/profile_images/1579635610222006272/nSFMrmcX_normal.jpg,,230062,1,397,57,gerais
1612141241843552267,"08.01.2023 - Brasília🇧🇷
Começando a chegar na Esplanada dos Ministérios
Amanhã vai transbordar! Marcha pela Liberdade!
O Levante dos Manés! #SELMA https://t.co/RhmN1tRbRm",2023-01-08T17:36:38.000Z,pt,,1612141241843552267,,False,everyone,1087,68,2647,52,17,40711,SELMA,,https://x.com/DanVitorPH/status/1612141241843552267/video/1,,,1532219594806415360,Dan Hasse,DanVitorPH,"Do good🙏
Do it consistently💪
Be patient😎

🤖👩‍💻👨‍💻 Co-founder & CTO: @XpertsAi 🧠💻
& 🔗https://t.co/CdALKLaWVz 👈
& 🔗https://t.co/Gha9ULD2DN 👈",,2022-06-02T04:37:18.000Z,False,none,False,https://pbs.twimg.com/profile_images/1940844395198038016/n6FleDLV_normal.jpg,https://t.co/t4300x5RVc,66351,60142,56061,77,originais
1612146719675801600,Ao vivo de Brasília vendo a história acontecer!!!!! https://t.co/JAufee4txX,2023-01-08T17:58:24.000Z,pt,,1612146719675801600,,False,everyone,1038,207,2880,92,34,156030,,,https://x.com/dinizacessorios/status/1612146719675801600/video/1,,,1466894765195210753,Rê Diniz .Adv🇧🇷💙⚖️📿,dinizacessorios,"Pr. JAIR BOLSONARO 2026 ❌ELEIÇÕES SEM BOLSONARO É GOLPE ❌ DE DIREITA, CONSERVADORA, CATÓLICA, PREZO PELA PÁTRIA, FAMÍLIA, LIBERDADE!",,2021-12-03T22:20:10.000Z,True,blue,False,https://pbs.twimg.com/profile_images/1939159163998760960/gqu9_u52_normal.jpg,https://t.co/fz1xnWVWUY,13736,3393,20646,7,originais
1612166460595372034,"patriotas invadindo o congresso 

a pm de brasilia https://t.co/0tYrjwxpjW",2023-01-08T19:16:51.000Z,pt,,1612166460595372034,,False,everyone,3452,164,18910,220,248,805794,,,https://x.com/mahagess/status/1612166460595372034/video/1,,,941526010297757696,MARWA,mahagess,este perfil nao eh de entender eh de sentir,,2017-12-15T04:31:08.000Z,True,blue,False,https://pbs.twimg.com/profile_images/1795277956543057920/yDxWYiz0_normal.jpg,,104896,1826,145557,1,originais
1612169657154256901,"bolsonaristas invadindo o congresso 

a pm de brasilia https://t.co/c2j74zs58C",2023-01-08T19:29:33.000Z,pt,,1612169657154256901,,False,everyone,28348,919,127538,1343,889,4021867,,,https://x.com/thiagoooqz/status/1612169657154256901/video/1,,,904095261689073664,Thiago,thiagoooqz,O Deadpool do Twitter.,"Ceará, Brasil",2017-09-02T21:34:42.000Z,False,none,False,https://pbs.twimg.com/profile_images/1049078405457727488/BSQYUdfL_normal.jpg,,359,335,16095,2,gerais
1612084383636135937,"Sequência de vários vídeos do QGEX Brasília -08/01/2023, feitos por nossa amiga Renata, grande Patriota! https://t.co/wpDb3HEyBW",2023-01-08T13:50:42.000Z,pt,,1612084383636135937,,False,everyone,1157,69,3215,46,6,50509,,,https://x.com/ATROMBETA3/status/1612084383636135937/video/1,,,1214887979740803072,A TROMBETA,ATROMBETA3,"Nosso canal prima pela qualidade e credibilidade. Defendemos a liberdade de expressão, a liberdade religiosa e a  economia  de livre mercado.",,2020-01-08T12:34:37.000Z,False,none,False,https://pbs.twimg.com/profile_images/1626651396081651734/LhNTJFJW_normal.jpg,https://t.co/vjgLuYUBfI,147987,18970,110617,105,originais
1612251119266271233,Obras de arte que foram DESTRUÍDAS ou ROUBADAS por bolsonaristas em Brasília durante a invasão; UMA THREAD https://t.co/yshsDtbsGu,2023-01-09T00:53:15.000Z,pt,,1612251119266271233,,False,everyone,21549,893,110313,7458,3888,7737158,,,https://x.com/nandaxxie/status/1612251119266271233/photo/1;https://x.com/nandaxxie/status/1612251119266271233/photo/1,,,1003810164749856769,Nanda Xie,nandaxxie,"comunicadora. Tuítes antigos podem não refletir opiniões atuais. Falo sobre arte, política e besteirols — nessa ordem ou não.","São Paulo, Brasil",2018-06-05T01:26:07.000Z,True,blue,False,https://pbs.twimg.com/profile_images/2046698389220319232/7Ppovi2M_normal.jpg,https://t.co/wUcGOiWvBN,43006,981,22882,72,originais
1612209556465000449,"Ajude a identificar os criminosos que aterrorizaram Brasília hoje. Eles publicam lives, exibem-se nas redes sociais e em canais de TV.

Tire print / fotos e envie para o e-mail do Gabinete do Min. Alexandre de Moraes, do STF: gabmoraes@stf.jus.br",2023-01-08T22:08:06.000Z,pt,,1612209556465000449,,False,everyone,1187,141,6410,32,25,231965,,,,,,9722452,Antonio Tabet,antoniotabet,"Actor, screenwriter. Emmy winner. Contact: contato@abtcagenciamento.com Ingressos: link na bio.","RJ, Brasil",2007-10-26T22:25:26.000Z,True,blue,False,https://pbs.twimg.com/profile_images/1697342038507769856/VUF00r6H_normal.jpg,https://t.co/fyL6vDoizU,2751077,1460,21798,9806,originais
1612280715231612928,"Estive agora à noite no Palácio do Planalto e no STF. Os golpistas que promoveram a destruição do patrimônio público em Brasília estão sendo identificados e serão punidos. Amanhã retomamos os trabalhos no Palácio do Planalto. Democracia sempre. Boa noite.

📸: @ricardostuckert https://t.co/qkyVZHQQdz",2023-01-09T02:50:51.000Z,pt,,1612280715231612928,,False,everyone,8461,4812,101647,912,149,3407302,,ricardostuckert,https://x.com/LulaOficial/status/1612280715231612928/photo/1,,,2670726740,Lula,LulaOficial,"Filho da Dona Lindu, marido da @JanjaLula, presidente da República. Trabalhando para reconstruir o Brasil.","Brasília, Brasil",2014-07-22T21:36:50.000Z,True,government,False,https://pbs.twimg.com/profile_images/1630217574100213762/SAMK-BnB_normal.jpg,https://t.co/FWDIwBcWRa,10211221,2835,37920,6198,gerais
1612035570494054401,Tomada do poder Brasília 8 Dezembro 2023 https://t.co/kxmc3Le0Vg,2023-01-08T10:36:44.000Z,pt,,1612035570494054401,,False,everyone,5578,926,16696,551,117,557761,,,https://x.com/7minutos_news/status/1612035570494054401/video/1,,,749082795662868481,7Minutos Notícias,7minutos_news,O Portal 7minutos foi criado com uma apresentação gráfica baseada nos Portais Europeus de noticias. Trabalhamos com a indexação de notícias e conteúdos,"Miami, EUA",2016-07-02T03:30:30.000Z,True,blue,False,https://pbs.twimg.com/profile_images/1427825532864016387/n3DVOu_x_normal.jpg,https://t.co/NmKgkEggmS,4329,5546,65724,7,originais
1612215570656800769,"Esses são alguns dos criminosos responsáveis pelo que está acontecendo hoje em Brasília.
Mas há muitos outros. https://t.co/BIHpnYpLWr",2023-01-08T22:32:00.000Z,pt,,1612215570656800769,,False,everyone,3807,399,18247,281,46,555993,,,https://x.com/TucaAndrada3/status/1612215570656800769/photo/1,,,1508101517009727488,Tuca Andrada,TucaAndrada3,,,2022-03-27T15:20:08.000Z,False,none,False,https://pbs.twimg.com/profile_images/1662215112831246337/d2dIwqhD_normal.jpg,,157271,2504,74969,79,originais
1612205494009008128,"Em 24 de maio de 2017, terrorist@s de esquerda invadiram Brasília, colocaram fogo em Ministérios, agrediram a polícia e depredaram a esplanada em cenas 100 vezes piores que as hoje. A imprensa Lulista saiu em defesa deles. Ninguém falou em Democracia ameaçada. https://t.co/ewCASi2NMh",2023-01-08T21:51:57.000Z,pt,,1612205494009008128,,False,everyone,2039,86,3688,131,64,106726,,,https://x.com/FredRC/status/1612205494009008128/photo/1;https://x.com/FredRC/status/1612205494009008128/photo/1;https://x.com/FredRC/status/1612205494009008128/photo/1;https://x.com/FredRC/status/1612205494009008128/photo/1,,,30960300,Fred Rodrigues |🇧🇷✝️,FredRC,"🇧🇷 
📊 Eleito Dep. Estadual com 42.784 votos
🏆 283.054 Votos para Prefeito de Goiânia","Goiânia, Brazil",2009-04-13T21:05:59.000Z,True,blue,False,https://pbs.twimg.com/profile_images/1854696113548189710/8RD1G-PK_normal.jpg,,50039,455,3824,54,originais
1612253152346087426,🚨VEJA: Trompetista toca jingle do presidente Lula enquanto terroristas são transportados presos em ônibus da polícia em Brasília. https://t.co/8rML9A0UxW,2023-01-09T01:01:20.000Z,pt,,1612253152346087426,,False,everyone,5174,679,48653,1327,640,1605647,,,https://x.com/Trom_Petista/status/1612247031459844096/video/1,,,953378142198161409,CHOQUEI,choquei,A sua fonte de notícias mais rápida. Tudo sobre os acontecimentos mais recentes do Brasil e do mundo. Contato: assessoriachoquei@gmail.com,,2018-01-16T21:27:16.000Z,True,blue,False,https://pbs.twimg.com/profile_images/1624042710037299200/_wiCdKIW_normal.jpg,,9458644,7330,114054,2502,gerais
1612204366617878529,"Força Nacional de Segurança prende esquerdista infiltrado no meio de manifestantes bolsonaristas em Brasília

Tinha INFILTRADOS, sim! https://t.co/FWQB1Izgqh",2023-01-08T21:47:28.000Z,pt,,1612204366617878529,,False,everyone,4536,209,10033,188,62,118050,,,https://portalnovonorte.com.br/noticias/noticia/34199/forca-nacional-de-seguranca-prende-esquerdista-infiltrado-no-meio-de-manifestantes-bolsonaristas-em-brasilia,,,979468154488442882,denise,denise47613384,"Brasil acima de tudo, Deus acima de todos","São Paulo, Brasil",2018-03-29T21:19:40.000Z,True,blue,False,https://pbs.twimg.com/profile_images/1702474415760347136/8jE2oiyz_normal.jpg,,61195,38311,258191,45,originais
1612215246109933569,🚨A deputada estadunidense Alexandria Ocasio-Cortez condena os atos terroristas em Brasília e diz que os Estados Unidos DEVEM parar de oferecer refúgio a Bolsonaro e sua corja. https://t.co/df6LOqrVCy,2023-01-08T22:30:42.000Z,pt,,1612215246109933569,,False,everyone,1205,164,13297,261,64,392317,,,https://x.com/bchartsnet/status/1612215246109933569/photo/1;https://x.com/bchartsnet/status/1612215246109933569/photo/1,,,788794760764985344,BCharts,bchartsnet,"Avisando tudo no universo da cultura pop, música e entretenimento! 📨 bchartsltda@gmail.com | Siga @bchartsnet em todas as redes | https://t.co/VoaeF9Tx2t",Brasil,2016-10-19T17:31:40.000Z,True,business,False,https://pbs.twimg.com/profile_images/1597332661722382336/_26NVSn6_normal.jpg,https://t.co/XmzySsD6oA,544186,2908,90117,1148,originais
1612173272380067845,"🚨 Um policial é protegido e aplaudido pelos manifestantes em Brasília, durante invasão aos prédios dos três poderes.08/01/23 🇧🇷🇧🇷🇧🇷👮‍♀️🙌🏻 https://t.co/fTQLVvu57n",2023-01-08T19:43:55.000Z,pt,,1612173272380067845,,False,everyone,1238,66,3296,70,35,102940,,,https://x.com/Jakelyneloiola_/status/1612173272380067845/video/1,,5722ff20ba67083b,1114237991797522434,Jakelyne Loiola,Jakelyneloiola_,"🪬 Direita. 🇧🇷🇧🇷 Ptfobica, pavor de esquerdista!",Brasil,2019-04-05T18:46:53.000Z,True,blue,False,https://pbs.twimg.com/profile_images/2032917603962761216/VMNcI0ds_normal.jpg,https://t.co/7esZE5Vhxd,171849,3618,61932,196,originais
1612167584929009664,"nossa mas QUEM DIRIA que isso iria acontecer na Esplanada em Brasília, não é como se a gente já tivesse visto uma atitude parecida em outro movimento anti democrático de extrema direita........ https://t.co/eKzP1BCJku",2023-01-08T19:21:19.000Z,pt,,1612167584929009664,,False,everyone,2828,91,22064,201,156,925038,,,https://x.com/abaleiaeovaso/status/1612167584929009664/photo/1,,,391650906,a baleia e o vaso de petúnias,abaleiaeovaso,uma psicóloga interessada em conhecer as pessoas de dentro das pessoas,,2011-10-15T22:08:16.000Z,False,none,False,https://pbs.twimg.com/profile_images/1808291601904533505/iNFyWzlV_normal.jpg,https://t.co/vQpIgPoLtI,648,780,11889,1,originais
1612214318006927362,"Nota do STF sobre vandalismo e atos antidemocráticos em Brasília

Presidente do STF, Ministra Rosa Weber, diz que Suprema Corte não se deixará intimidar por atos criminosos e de delinquentes infensos ao estado democrático de direito. [1/6] https://t.co/Isr1GkI0dn",2023-01-08T22:27:01.000Z,pt,,1612214318006927362,,False,everyone,6258,4989,69422,389,300,2956654,,,https://x.com/STF_oficial/status/1612214318006927362/photo/1,,,68313718,STF,STF_oficial,Supremo Tribunal Federal: o #TribunaldaConstituição! A instância máxima do Poder Judiciário trabalha para garantir os seus direitos ⚖️ A Constituição é sua 📗,Brasília - DF,2009-08-24T03:21:06.000Z,True,government,False,https://pbs.twimg.com/profile_images/1726624942463004672/kipecnVb_normal.jpg,https://t.co/q0fcxmsao9,2551252,54,30218,5529,gerais
1612160640554045441,"A manifestação terrorista em Brasília já era prevista e contou com a complacência e quase cumplicidade do governador do DF @IbaneisOficial. Qualquer coisa que vier a acontecer com a vida das pessoas e ao patrimônio do povo brasileiro, o Sr @IbaneisOficial será responsabilizado.",2023-01-08T18:53:43.000Z,pt,,1612160640554045441,,False,everyone,5711,4541,43487,496,49,1398242,,IbaneisOficial;IbaneisOficial,,,,85327394,Randolfe Rodrigues,randolfeap,"Senador Amapaense,  Líder do Governo Lula no Congresso Nacional. Historiador, Bacharel em Direito, Mestre em Políticas Públicas.","Amapá, Brasil",2009-10-26T14:29:38.000Z,True,government,False,https://pbs.twimg.com/profile_images/2012461472564051968/V0OS_-co_normal.jpg,https://t.co/pi0mXBJndD,1034523,1520,33414,1697,gerais
1612213096512094209,🚨VEJA: Cavalo sendo socorrido após ser atacado com pedaços de ferro nos atos terroristas em Brasília. https://t.co/hI5JCeJKZT,2023-01-08T22:22:10.000Z,pt,,1612213096512094209,,False,everyone,14361,6498,196467,21990,976,8804376,,,https://x.com/choquei/status/1612213096512094209/photo/1,,,953378142198161409,CHOQUEI,choquei,A sua fonte de notícias mais rápida. Tudo sobre os acontecimentos mais recentes do Brasil e do mundo. Contato: assessoriachoquei@gmail.com,,2018-01-16T21:27:16.000Z,True,blue,False,https://pbs.twimg.com/profile_images/1624042710037299200/_wiCdKIW_normal.jpg,,9458644,7330,114054,2502,gerais
1612192408703320071,"URGENTE

DOCUMENTEM TUDO

SABE OS ANÚNCIOS DE CARAVANA? CONVOCAÇÃO? PEDIDOS DE PIX?

PRINTEM TUDO

CORRAM

ELES VÃO CORRER PRA APAGAR TUDO

NÃO VAMOS DAR ESSE MOLE

VAMOS AGIR PORQUE NÃO SE DORME EM BRASÍLIA",2023-01-08T20:59:57.000Z,pt,,1612192408703320071,,False,everyone,4697,630,27999,148,355,1935887,,,,,,1053378751189397504,jairme,jairmearrependi,Castigat ridendo mores. | oijairme@gmail.com,,2018-10-19T20:13:59.000Z,False,none,False,https://pbs.twimg.com/profile_images/2033928115974455296/UNC7CLd2_normal.jpg,https://t.co/sHXlJMVh1O,464617,1798,132017,920,originais
1612161804662362112,"🚨 Enquanto invasões em Brasília acontecem, polícias são flagrados filmando a situação e batendo papo com bolsonaristas.

https://t.co/AO9ClOKoMr",2023-01-08T18:58:21.000Z,pt,,1612161804662362112,,False,everyone,3356,690,14271,1854,144,1049830,,,https://x.com/Ana_Flor/status/1612160869533732865/video/1,,,1404506222892666885,Central da Política,centralpolitcs,A curadoria de notícias mais completa para você.,,2021-06-14T18:29:22.000Z,False,none,False,https://abs.twimg.com/sticky/default_profile_images/default_profile_normal.png,,308780,0,80477,726,gerais
1612191773740404739,"@choquei os bolsominions pediram intervenção federal pra tirar o lula de brasília e vão receber intervenção federal pra tirar ELES
https://t.co/Shnfr32q3N",2023-01-08T20:57:26.000Z,pt,,1612191621805928450,9.533781421981614e+17,False,everyone,6160,142,28000,418,325,1064504,,choquei,https://x.com/thekingeinstein/status/1534344848270049283/video/1,,,986745806,fernando,fernandosebert,hatǝ hɐs no placǝ in divinǝ | kesha follows since 2013 & noticed 17x | katy perry noticed 1x (fan account),"São Paulo, Brasil",2012-12-03T14:34:36.000Z,False,none,False,https://pbs.twimg.com/profile_images/1971184363913056256/AVLUCgYh_normal.jpg,,3083,1297,88240,13,gerais
1612188979696107525,"08.01.2023 - Brasília
Descoberto um jornalista CANHOTO durante atos em Brasília. https://t.co/EWSirWP6lw",2023-01-08T20:46:20.000Z,pt,,1612188979696107525,,False,everyone,1104,88,2798,46,32,95505,,,https://x.com/DanVitorPH/status/1612188979696107525/video/1,,,1532219594806415360,Dan Hasse,DanVitorPH,"Do good🙏
Do it consistently💪
Be patient😎

🤖👩‍💻👨‍💻 Co-founder & CTO: @XpertsAi 🧠💻
& 🔗https://t.co/CdALKLaWVz 👈
& 🔗https://t.co/Gha9ULD2DN 👈",,2022-06-02T04:37:18.000Z,False,none,False,https://pbs.twimg.com/profile_images/1940844395198038016/n6FleDLV_normal.jpg,https://t.co/t4300x5RVc,66351,60142,56061,77,originais
1612227587371048963,Repassando as informações de como estão a noite em Brasília ! 🥺🥺🥺💣🇧🇷🚨🚨 https://t.co/Snt7b7BsaQ,2023-01-08T23:19:45.000Z,pt,,1612227587371048963,,False,everyone,1903,87,4300,73,36,76447,,,https://x.com/gutbsb/status/1612227587371048963/video/1,,,1482428880040480771,NNB Nova Noticia Brasília🇧🇷🌻,gutbsb,Atriz/Prof de Teatro//Palpiteira de Assuntos que estão nas mídias - Política 💚💛🇧🇷,"Washington, DC",2022-01-15T19:07:51.000Z,False,none,False,https://pbs.twimg.com/profile_images/1796202890186358784/VV7mFAa2_normal.jpg,,15279,2549,10332,10,originais
1612178336704335872,Manifestantes relatam a polícia que o quebra quebra foi promovido por infiltrados! Brasília 08/01/23 🇧🇷🇧🇷🗽 https://t.co/B8udL6JLni,2023-01-08T20:04:02.000Z,pt,,1612178336704335872,,False,everyone,2701,200,5379,139,68,143845,,,https://x.com/Jakelyneloiola_/status/1612178336704335872/video/1,,5722ff20ba67083b,1114237991797522434,Jakelyne Loiola,Jakelyneloiola_,"🪬 Direita. 🇧🇷🇧🇷 Ptfobica, pavor de esquerdista!",Brasil,2019-04-05T18:46:53.000Z,True,blue,False,https://pbs.twimg.com/profile_images/2032917603962761216/VMNcI0ds_normal.jpg,https://t.co/7esZE5Vhxd,171849,3618,61932,196,originais
1612210252262559744,"Em 2017, quando esquerdistas atacaram a polícia e incendiaram prédios públicos em Brasília, @FlavioDino celebrou: ""a voz do povo"". https://t.co/YAUDDsI6AI",2023-01-08T22:10:52.000Z,pt,,1612210252262559744,,False,everyone,3052,130,5136,200,87,122226,,FlavioDino,https://x.com/JulioRochaReal/status/1612210252262559744/video/1,,,42022064,Júlio Rocha,JulioRochaReal,"Anti-communist.

Tweets in Port 🇧🇷, Eng 🇺🇸, Pol 🇵🇱.",Poland,2009-05-23T13:00:47.000Z,False,none,False,https://pbs.twimg.com/profile_images/1839057304030748672/KRNtIB4Q_normal.jpg,,21859,15561,4232,11,originais
1612131005376118784,"O povo se levantou e a marcha patriótica em Brasília se estende por mais de 5km.

#BrazilianSpring https://t.co/FEu3hREQiy",2023-01-08T16:55:58.000Z,pt,,1612131005376118784,,False,everyone,2831,184,10470,110,20,180057,BrazilianSpring,,https://x.com/JulioRochaReal/status/1612131005376118784/video/1,,,42022064,Júlio Rocha,JulioRochaReal,"Anti-communist.

Tweets in Port 🇧🇷, Eng 🇺🇸, Pol 🇵🇱.",Poland,2009-05-23T13:00:47.000Z,False,none,False,https://pbs.twimg.com/profile_images/1839057304030748672/KRNtIB4Q_normal.jpg,,21859,15561,4232,11,originais
1612199874455343104,Brasília 08/01/2001 https://t.co/lAkjz6hhZ4,2023-01-08T21:29:37.000Z,pt,,1612199874455343104,,False,everyone,1244,34,12916,26,90,332685,,,https://x.com/daltrinador/status/1612199874455343104/photo/1,,,1260343121558351872,Safe Edgy Comics,daltrinador,Só mais um que amam odiar 💔,,2020-05-12T22:58:28.000Z,False,none,False,https://pbs.twimg.com/profile_images/2051156763454349312/94_pV6Hf_normal.jpg,,186340,2305,7684,105,originais
1612167139535818752,Brasília está tomada estão esperando o Ministro da defesa e o Alexandre de Moraes pras negociações. https://t.co/ZaZXlN8uXq,2023-01-08T19:19:33.000Z,pt,,1612167139535818752,,False,everyone,3872,401,10994,272,73,259364,,,https://x.com/stenyolaisson/status/1612167139535818752/video/1,,,1120081015765131264,Joaquim Teixeirado,stenyolaisson,"DIREITA BRASIL ACIMA DE TUDO , DEUS ACIMA DE TODOS.🇧🇷 pix : 79991767600","Aracaju, Brasil",2019-04-21T21:44:59.000Z,False,none,False,https://pbs.twimg.com/profile_images/1566208092966211585/cTR8_T9D_normal.jpg,https://t.co/K8bhjfeRDo,23796,5416,1390,7,gerais
1612231344968593408,"Vivemos um dia lamentável na história da democracia brasileira. Que todos os participantes e financiadores dos atos terroristas em Brasília, deixando uma destruição sem precedentes nos prédios dos poderes, sejam devidamente responsabilizados.

SEM ANISTIA",2023-01-08T23:34:41.000Z,pt,,1612231344968593408,,False,everyone,1135,199,2859,42,12,70298,,,,,,1119114439758757888,Army Help The Planet,ARMY_HTP,"Primeiro e maior movimento social atuante como organização não governamental de fato, fundado pela união de ARMYs brasileiras. projetoarmyhtp@gmail.com",Brasil,2019-04-19T05:44:09.000Z,True,blue,False,https://pbs.twimg.com/profile_images/2035077591523020800/OdIxlrLZ_normal.jpg,https://t.co/dtXFHyFmI4,97201,278,22032,449,originais
1612279562188070914,"⚠️ URGENTE: Em carros blindados, Exército impede PMDF de agir contra bolsonaristas em QG de Brasília https://t.co/ZyUUh3seTb",2023-01-09T02:46:16.000Z,pt,,1612279562188070914,,False,everyone,3901,1882,21141,2598,406,3820337,,,https://x.com/Metropoles/status/1612279562188070914/video/1,,,3331429624,Metrópoles,Metropoles,"📱 O seu portal de notícias. Tudo sobre política, saúde, justiça, comportamento, entretenimento. Confira os fatos relevantes do país e do mundo em tempo real.","Brasília, Brasil",2015-06-17T14:39:37.000Z,True,business,False,https://pbs.twimg.com/profile_images/1642966741138415647/fHdgQUGl_normal.jpg,https://t.co/bH1TESRwr6,1489106,1617,576221,2116,gerais
1612201386719969281,"Jesus depredado no chão, o ""Mito"" intacto nas mãos. Nunca foi sobre ""Deus acima de todos"".
#urgente #brasilia https://t.co/3c9dBpl1dR",2023-01-08T21:35:38.000Z,pt,,1612201386719969281,,False,everyone,4480,164,18509,234,203,722251,urgente;brasilia,,https://x.com/yddor_/status/1612201386719969281/photo/1;https://x.com/yddor_/status/1612201386719969281/photo/1,,,64091410,brooklyn baby,yddor_,🪐,Espirito Santo,2009-08-09T02:21:54.000Z,False,none,False,https://pbs.twimg.com/profile_images/2044365077193555970/K-Fhp8JS_normal.jpg,,570,560,3982,4,originais
1612159129107288071,a polícia em brasília só faltou ficar de 4 pros terroristas bolsonaristas https://t.co/RB4a1LzedC,2023-01-08T18:47:43.000Z,pt,,1612159129107288071,,False,everyone,5912,65,27867,91,112,914109,,,https://x.com/memexpropriados/status/1612159129107288071/photo/1,,,1056000463357833217,Memes comunistas expropriados ☭,memexpropriados,"🔸Expropriação
🔸Curadoria
🔸Parceiras
🔸Conteúdo original

🔸Será um prazer dar créditos
🔸We will gladly give credits

#comunismo #socialismo #marxismo",República Popular do Brasil,2018-10-27T01:51:44.000Z,False,none,False,https://pbs.twimg.com/profile_images/1660763935656615939/5spgt59W_normal.jpg,https://t.co/1LY1eUr45y,128387,767,18215,185,gerais
1612160681310134272,"Imagina se fossem os estudantes ocupando Brasília?

Via: @cucadauneofcial https://t.co/fFzEwVWbJ3",2023-01-08T18:53:53.000Z,pt,,1612160681310134272,,False,everyone,3844,152,16866,158,71,567590,,cucadauneofcial,https://x.com/uneoficial/status/1612160681310134272/photo/1,,,60640635,UNIÃO NACIONAL DOS ESTUDANTES 🎓✊🏿,uneoficial,União Nacional dos Estudantes - Entidade de representação nacional fundada em 1937.,Brasil,2009-07-27T16:29:00.000Z,True,blue,False,https://pbs.twimg.com/profile_images/1950293247474950147/SvT2PrGv_normal.jpg,https://t.co/aQAdaQLQdB,154887,1400,38542,719,originais
1612193089095073793,Presidente da Galoucura se manifestou e se colocou disponível para ir a Brasília https://t.co/HL6TegbjAl,2023-01-08T21:02:40.000Z,pt,,1612193089095073793,,False,everyone,17414,4973,143039,13557,1615,10794484,,,https://x.com/mamede_filho/status/1612193089095073793/video/1,,,72189315,Mamede Filho,mamede_filho,,,2009-09-07T03:01:19.000Z,False,none,False,https://pbs.twimg.com/profile_images/2017583193365360640/bbj7bzOe_normal.jpg,,4835,1960,47673,37,gerais
1612174941834645505,"A foto não é de hoje, é o Ocupa Brasília em 24/5/17 contra a Reforma Trabalhista. A PM foi brutal: cavalaria, choque e helicópteros jogando bombas. Temer decretou estado de sítio e chamou o exército.
O estado burguês reprime os trabalhadores e é conivente com bolsonaristas.

🧶 https://t.co/pfFdTnClWY",2023-01-08T19:50:33.000Z,pt,,1612174941834645505,,False,everyone,12080,259,57917,455,707,2804520,,,https://x.com/colombopcb/status/1612174941834645505/photo/1,,,1479458221266022408,Gabriel Colombo,colombogabrielm,"Engenheiro Agrônomo, mestre em Ambiente e Sociedade, Perito Federal Territorial no INCRA.","Piracicaba, São Paulo",2022-01-07T14:22:33.000Z,False,none,False,https://pbs.twimg.com/profile_images/1581708528796012548/2wbpFJtS_normal.jpg,,27508,632,4261,54,gerais
1612230023641194497,Quando seu feeling para o empreendedorismo não morre nem em tempos de guerra hahah #empreendedor #Brasilia #BrasilUrgente https://t.co/IYVtyeO6DI,2023-01-08T23:29:26.000Z,pt,,1612230023641194497,,False,everyone,1625,347,21845,471,109,797522,empreendedor;Brasilia;BrasilUrgente,,https://x.com/katgpreis/status/1612230023641194497/photo/1,,,630382288,Katarina Reis,katgpreis,Brazilian living in Portugal | Journalist + Translator 🐈‍⬛ Non videmus manticae quod in tergo est,Portugal,2012-07-08T17:27:14.000Z,False,none,False,https://pbs.twimg.com/profile_images/1840887761248686080/dZJMuUZi_normal.jpg,,175,78,5328,1,originais
1612207317851983872,"Um deputado estadual de Minas Gerais, apoiador do ex-presidente Jair Bolsonaro, participou dos ataques terroristas neste domingo em Brasília. Nas redes sociais, ele postou vídeos comemorando a destruição dos prédios na praça dos três poderes. 

Um escárnio!",2023-01-08T21:59:12.000Z,pt,,1612207317851983872,,False,everyone,2386,509,22391,144,44,755043,,,,,,1075036110,Macaé Evaristo,MacaeEvaristo,Deputada Estadual por Minas e ex-Ministra dos Direitos Humanos e da Cidadania do Governo @lulaoficial. Geneticamente feliz! ⭐️,"Belo Horizonte, Brasil",2013-01-09T22:16:43.000Z,False,none,False,https://pbs.twimg.com/profile_images/2039172994153742336/C7I5ThR6_normal.jpg,https://t.co/lCzcpIUKh2,15162,715,6157,107,originais
1612152758701785088,"Manifestantes radicais e antidemocráticos invadem Brasília! Meu Deus, o q faremos? https://t.co/NpQpc0eIZN",2023-01-08T18:22:24.000Z,pt,,1612152758701785088,,False,everyone,1241,162,5917,150,167,225946,,,https://x.com/o_colecionador/status/1612152758701785088/photo/1;https://x.com/o_colecionador/status/1612152758701785088/photo/1;https://x.com/o_colecionador/status/1612152758701785088/photo/1,,,69223042,Fábio,o_colecionador,"NÃO SOU INFLUENCER.

Não preciso de seguidores. Não estou nem aí pro seu like.
Sou de direita. Fumo. Bebo. Falo palavrão.

Se essas coisas te incomodam, suma.",São Paulo - SP - Brasil,2009-08-27T06:41:07.000Z,True,blue,False,https://pbs.twimg.com/profile_images/378800000592301709/40d839552e8e091d191149adb9fa8308_normal.jpeg,,68393,134,116475,285,originais
1612219598660849664,Polícia divulga imagens de extremistas presos suspeitos dos atos terroristas em Brasília. Ao menos 150 terroristas foram presos em flagrante por depredação do patrimônio público. https://t.co/MSnuKuRt8W,2023-01-08T22:48:00.000Z,pt,,1612219598660849664,,False,everyone,1123,754,6174,676,72,437003,,,https://x.com/GeorgMarques/status/1612219598660849664/video/1,,,40548874,George Marques 🇧🇷,GeorgMarques,"🗞️ Jornalista, RP 📊 Coordenador de Estratégia e Informação @govbr (SECOM-PR) 📱 Especialista em comunicação pública e jornalismo digital","Brasília, Brasil",2009-05-16T21:47:59.000Z,True,blue,False,https://pbs.twimg.com/profile_images/2041300702119747584/9B1SS7rr_normal.jpg,,207551,1537,69715,1025,originais
1612238093792296960,Inadmissível o que aconteceu hoje em Brasília. Que todos esses golpista sejam punidos! @LulaOficial,2023-01-09T00:01:30.000Z,pt,,1612238093792296960,,False,everyone,4063,1754,90690,554,69,2860204,,LulaOficial,,,,4098537881,Paulinho,Paulinho__PH10,"Filho de Odé, Rei de Ketu 👑🏹 @palmeiras",,2015-11-02T16:50:29.000Z,False,none,False,https://pbs.twimg.com/profile_images/1885512309289754624/w1287zPy_normal.jpg,https://t.co/0XzyUpaajo,209222,414,5253,89,gerais
1612262559792390145,"Relato de um colega de O TEMPO que foi mantido em cárcere por cerca de 30 min, teve itens roubados, levou tapa na cara, chutes e socos, e foi ameaçado de morte, com arma apontada para a cabeça. INACEITÁVEL, IMPERDOÁVEL O QUE ACONTECEU HOJE EM BRASÍLIA 

https://t.co/HwjnHNprYi",2023-01-09T01:38:43.000Z,pt,,1612262559792390145,,False,everyone,2831,133,11133,276,256,656902,,,https://www.otempo.com.br/politica/ameacas-de-morte-e-roubos-reporter-de-o-tempo-narra-o-que-viu-no-congresso-1.2794417,,,164771464,Karla Gamba,karlagamba,"Repórter. Focada na cobertura de Judiciário e Política. @agenciapublica, @julianadalpiva/@ICLNoticias, @JornalOGlobo, @correio, @jotaflash, @OTempo","Brasília, Brasil",2010-07-09T18:25:06.000Z,False,none,False,https://pbs.twimg.com/profile_images/1607176291266052096/cv2AD5hR_normal.jpg,https://t.co/tiLlobwifw,11320,3672,7946,52,originais
1612160869533732865,Policiais militares do DF tiram foto e batem papo com manifestantes enquanto vândalos invadem Congresso Nacional. Reparem a conversa sobre invadir o #STF #brasilia https://t.co/33HNDKN8yo,2023-01-08T18:54:38.000Z,pt,,1612160869533732865,,False,everyone,11829,3236,48261,5142,730,4893656,STF;brasilia,,https://x.com/Ana_Flor/status/1612160869533732865/video/1,,,45859414,Ana Flor,Ana_Flor,"Jornalista. Comentarista da @GloboNews e colunista do @G1 
📍👉 https://t.co/YyB647RuZU
📍👉 instagram, segue lá 👉 @anaflorjornalista","Brasília, Brasil",2009-06-09T15:21:10.000Z,False,none,False,https://pbs.twimg.com/profile_images/1619327056218562563/ZjD1lruR_normal.jpg,https://t.co/K0UTHg3SR9,95199,1742,4825,332,gerais
1612245672706572289,"INFILTRADOS PRESOS 
PARABÉNS POLÍCIA 
Brasília DF  08 Jan 2023  Brasil 
🇧🇷🇧🇷🇧🇷🇧🇷🇧🇷🇧🇷🇧🇷🇧🇷🇧🇷 https://t.co/1BbxXubnWJ",2023-01-09T00:31:37.000Z,pt,,1612245672706572289,,False,everyone,2004,233,3541,220,62,83523,,,https://x.com/RicardoSalik2/status/1612245672706572289/video/1,,,1425907443658264581,Ricardo,RicardoSalik2,"SDV 🇧🇷 - 🇧🇷 Publicitário. 🇧🇷 Curitiba. FAMÍLIA. ANTI EXTREMA ESQUERDA, E SEUS ADEPTOS.","Curitiba, Brasil",2021-08-12T19:50:32.000Z,False,none,False,https://pbs.twimg.com/profile_images/1999988985251155968/j2RINGyL_normal.jpg,,27463,22916,25386,9,originais
1612192617260777480,"“Importante lembrar que a a esquerda brasileira já teve gente morta, torturada e desaparecida e nunca vocês leram alguma notícia de algum partido ou movimento de esquerda invadindo o Congresso Nacional”

- Lula em pronunciamento após ataques bolsonaristas em Brasília. https://t.co/4lIJTkFQxM",2023-01-08T21:00:47.000Z,pt,,1612192617260777480,,False,everyone,13882,376,78761,1189,446,2708653,,,https://x.com/tracklist/status/1612192617260777480/photo/1;https://x.com/tracklist/status/1612192617260777480/photo/1,,,132699857,Tracklist,tracklist,Sua plataforma de música e entretenimento! | Comercial 📩 contato@tracklist.com.br,Brasil,2010-04-13T23:33:32.000Z,True,blue,False,https://pbs.twimg.com/profile_images/1420418040584355845/oMNy0xZA_normal.jpg,https://t.co/BwtcziIQND,1347295,1016,155641,2164,gerais
1612163954754703364,"🚨DENÚNCIA: Antes dos bolsonaristas invadirem o Congresso, Planalto e STF, a polícia militar de Brasília guiou os golpistas pacificamente até o local. https://t.co/kL8JUGBWUC",2023-01-08T19:06:54.000Z,pt,,1612163954754703364,,False,everyone,3854,1001,24835,1857,269,1725641,,,https://x.com/Metropoles/status/1612136961854115847/video/1,,,953378142198161409,CHOQUEI,choquei,A sua fonte de notícias mais rápida. Tudo sobre os acontecimentos mais recentes do Brasil e do mundo. Contato: assessoriachoquei@gmail.com,,2018-01-16T21:27:16.000Z,True,blue,False,https://pbs.twimg.com/profile_images/1624042710037299200/_wiCdKIW_normal.jpg,,9458644,7330,114054,2502,gerais
1612224621209849858,"O ditador comunista Nicolás Maduro rechaçou os protestos ocorridos em Brasília neste domingo (8). Em 2019, a ONU denunciou que os esquadrões da morte de Maduro mataram quase 7 mil manifestantes em um período de menos de um ano. O ditador também declarou apoio ao regime de Lula.",2023-01-08T23:07:58.000Z,pt,,1612224621209849858,,False,everyone,1785,126,6604,62,21,141738,,,,,,64523460,Fernanda Salles,reportersalles,Jornalista profissional desde os tempos em que tudo isso ainda era mato | MTB19654 | Repórter em @portalocruzeiro.,Brasil,2009-08-10T21:39:06.000Z,True,blue,False,https://pbs.twimg.com/profile_images/1882094012045074432/5p0EN2Zb_normal.jpg,https://t.co/kB2Nh8Wjw0,553609,2261,30975,818,originais
1612226342019338240,Já criaram uma página no Instagram reunindo fotos c/a identificação de quem participou dos ataques criminosos em Brasília https://t.co/tGNeQjIRdk https://t.co/REhQcNw6FX,2023-01-08T23:14:48.000Z,pt,,1612226342019338240,,False,everyone,13140,2181,61715,1250,324,2590941,,,https://instagram.com/contragolpebrasil?igshid=NTdlMDg3MTY=;https://x.com/andretrig/status/1612226342019338240/photo/1,,,42593930,André Trigueiro,andretrig,"Jornalista, professor, escritor, conferencista e editor-chefe do Cidades e Soluções. Instagram: https://t.co/XUBDYUUv91…","Rio de Janeiro, Brasil",2009-05-26T09:23:28.000Z,False,none,False,https://pbs.twimg.com/profile_images/1444271309031186437/4DZob5Xb_normal.jpg,https://t.co/mmhLslPd1C,686601,1154,27957,1902,gerais
1612217019579138048,FOI TUDO PLANEJADO! Ajudem a divulgar os infiltrados! Senão nós vamos perder a batalha! São eles em Brasilia e nós nas redes sociais! Ajudem! https://t.co/o9K5Rbx4gK,2023-01-08T22:37:45.000Z,pt,,1612217019579138048,,False,everyone,7467,640,11106,594,143,255936,,,https://x.com/DanVitorPH/status/1612217019579138048/video/1,,,1532219594806415360,Dan Hasse,DanVitorPH,"Do good🙏
Do it consistently💪
Be patient😎

🤖👩‍💻👨‍💻 Co-founder & CTO: @XpertsAi 🧠💻
& 🔗https://t.co/CdALKLaWVz 👈
& 🔗https://t.co/Gha9ULD2DN 👈",,2022-06-02T04:37:18.000Z,False,none,False,https://pbs.twimg.com/profile_images/1940844395198038016/n6FleDLV_normal.jpg,https://t.co/t4300x5RVc,66351,60142,56061,77,gerais
1612221039362072581,"Quando Dilma sofreu golpe, não teve quebradeira.
Quando Lula foi preso, não teve quebradeira.
Quando Haddad perdeu a eleição, não teve quebradeira.
""Ah mas o PT"". ""Ah mas o PT é o caralho"".
Anistia é o caralho.
#brasilia",2023-01-08T22:53:44.000Z,pt,,1612221039362072581,,False,everyone,6257,183,27806,137,152,644461,brasilia,,,,,1031069020592791552,Pedro Carvalho,Oparbento1,o Pedro é sem S,,2018-08-19T06:43:05.000Z,False,none,False,https://pbs.twimg.com/profile_images/1727278238471192576/D9NjwEwZ_normal.jpg,,41399,4453,31487,111,originais
1612167682849210368,"URGENTE!! A manifestação em Brasília já é notícia no mundo todo. Na França, o canal France2 está transmitindo os acontecimentos em tempo real.
#brasilia https://t.co/GyYUHSl1BZ",2023-01-08T19:21:42.000Z,pt,,1612167682849210368,,False,everyone,1620,81,3787,58,9,82200,brasilia,,https://x.com/areamilitarof/status/1612167682849210368/video/1,,,1030559346638376968,Área Militar,areamilitarof,Análises e notícias em geopolítica e defesa mundial. 👕 Loja de camisetas👉 https://t.co/ygdfhXROiA Parceira/Análise: contato@areamilitar.com,Brasil,2018-08-17T20:57:49.000Z,True,blue,False,https://pbs.twimg.com/profile_images/1843755894070210560/aIrWUgUL_normal.jpg,https://t.co/ntD0T3l6lY,271397,269,51207,395,originais
1612193596790259713,"Hoje, iremos publicar para vocês os nomes e informações dos participantes dos atos antidemocráticos que aconteceram em Brasília. Iremos auxiliar na identificação e denúncia de todos.",2023-01-08T21:04:41.000Z,pt,,1612193596790259713,,False,everyone,3375,1001,42474,200,132,1478119,,,,,,1486759002679791622,Anonymous SCT,anonymousSCT,Desde 2003 expondo crimes contra a comunidade e o direito de cada cidadão. Anonymous é sem identidade e com ideologias firmadas.,,2022-01-27T17:52:30.000Z,False,none,False,https://pbs.twimg.com/profile_images/1579635610222006272/nSFMrmcX_normal.jpg,,230062,1,397,57,gerais
1612188294250483714,"URGENTE CARRO DA POLÍCIA MILITAR ATROPELANDO MANIFESTANTES ISSO A GLOBO @tvglobo não mostra  
Alexandre de Moraes
Brasília
Daniela Lima https://t.co/WZHq7NA9Gt",2023-01-08T20:43:37.000Z,pt,,1612188294250483714,,False,everyone,1229,241,2249,177,27,102372,,tvglobo,https://x.com/stenyolaisson/status/1612188294250483714/video/1,,,1120081015765131264,Joaquim Teixeirado,stenyolaisson,"DIREITA BRASIL ACIMA DE TUDO , DEUS ACIMA DE TODOS.🇧🇷 pix : 79991767600","Aracaju, Brasil",2019-04-21T21:44:59.000Z,False,none,False,https://pbs.twimg.com/profile_images/1566208092966211585/cTR8_T9D_normal.jpg,https://t.co/K8bhjfeRDo,23796,5416,1390,7,originais
1612275286451568640,"Magno Malta, senador eleito, convocando para ato golpista diante do Congresso Nacional deste domingo. Que sua responsabilidade pela violência em Brasília seja apurada https://t.co/lPdbce5trG",2023-01-09T02:29:17.000Z,pt,,1612275286451568640,,False,everyone,3500,2232,13750,1001,114,908622,,,https://x.com/DBonisen/status/1612229968708177922/video/1,,68e019afec7d0ba5,34779125,Jeff Nascimento,jnascim,"🇧🇷 Advogado em direitos humanos • Doutor em Direito Internacional, @usponline • Noveleiro","São Paulo, Brazil",2009-04-24T00:04:39.000Z,True,blue,False,https://pbs.twimg.com/profile_images/2025742066290954240/CfS7rPVh_normal.jpg,https://t.co/TChkXZr6lg,135112,8588,184854,983,originais
1612298072482095107,Tensão em Brasília. Que Deus tenha misericórdia de todos os brasileiros. https://t.co/iXPabsKaLZ,2023-01-09T03:59:50.000Z,pt,,1612298072482095107,,False,everyone,2461,858,13274,255,122,470203,,,https://x.com/Paulogeneroso/status/1612298072482095107/video/1,,,51779890,Paulo Generoso,Paulogeneroso,"Criador da página República de Curitiba, 2 milhões de patriotas mudando o Brasil. De direita e conservador","Texas, USA",2009-06-28T17:07:55.000Z,True,blue,False,https://pbs.twimg.com/profile_images/1261151132791058433/tyfJtFkc_normal.jpg,https://t.co/ocSHxY3j2o,176574,893,783,115,originais
1612198695876927488,"Dilma sofreu um impeachment (por motivação política)
Lula foi preso (em um processo parcial)

Nunca houve nada minimamente parecido com o que o terrorismo bolsonarista realiza em Brasília hoje.

Que este episódio sirva para acabar, de uma vez por todas, com a falsa equivalência",2023-01-08T21:24:56.000Z,pt,,1612198695876927488,,False,everyone,5012,253,27576,140,172,904907,,,,,,65897788,Vandson Lima,vandson_lima,Jornalista. Mestre em Políticas Públicas e Governo (FGV). Co-autor de Reconstrução - O Brasil nos anos 20. Ex-Valor Econômico. Analista de Política do @JotaInfo,Brasília,2009-08-15T13:36:50.000Z,False,none,False,https://pbs.twimg.com/profile_images/1503126042063560707/IpHok-XH_normal.jpg,https://t.co/vNVdwL7ilb,3461,1661,2252,43,originais
1612164676145610757,o bolsonaro na disney em orlando e os corno quebrando tudo em brasilia,2023-01-08T19:09:46.000Z,pt,,1612164676145610757,,False,everyone,27780,957,147311,1408,342,5144197,,,,,,3120745861,Maicon Küster,maiconkuster,se pronuncia kister,"Balneário Camboriú, SC",2015-03-31T15:44:50.000Z,True,blue,False,https://pbs.twimg.com/profile_images/2015466467316183040/5z1lfKO8_normal.jpg,https://t.co/Kn2Y7sb6LS,1883343,932,28047,515,gerais
1612153758296821760,Parece que o caldo entornou em Brasília. Impressionante! https://t.co/TAG5oSfhZj,2023-01-08T18:26:23.000Z,pt,,1612153758296821760,,False,everyone,4255,390,16128,356,107,286647,,,https://x.com/saulchristos/status/1612153758296821760/video/1,,,1368033052434309123,Saul Christos 🇧🇷,saulchristos,Aquela pedrinha no sapato que entra na meia e nunca mais sai.,,2021-03-06T02:58:00.000Z,False,none,False,https://pbs.twimg.com/profile_images/1648289186753937410/-XXupsfT_normal.jpg,https://t.co/Ywe2mUzni5,76753,1538,12762,117,gerais
